,Id,task_1,task_2
0,data/test/melanoma/ISIC_0012258.jpg,0.1537628173828125,0.20163732767105103
1,data/test/melanoma/ISIC_0012356.jpg,0.15176604688167572,0.1476246565580368
2,data/test/melanoma/ISIC_0012369.jpg,0.13563132286071777,0.11919310688972473
3,data/test/melanoma/ISIC_0012395.jpg,0.2416406273841858,0.19753484427928925
4,data/test/melanoma/ISIC_0012425.jpg,0.1659705638885498,0.18616463243961334
5,data/test/melanoma/ISIC_0012758.jpg,0.1489974409341812,0.02625320851802826
6,data/test/melanoma/ISIC_0012989.jpg,0.14774520695209503,0.14703701436519623
7,data/test/melanoma/ISIC_0013072.jpg,0.1779841035604477,0.1454615741968155
8,data/test/melanoma/ISIC_0013073.jpg,0.1918874979019165,0.16082558035850525
9,data/test/melanoma/ISIC_0013242.jpg,0.2745610177516937,0.14421260356903076
10,data/test/melanoma/ISIC_0013277.jpg,0.1928495168685913,0.24143248796463013
11,data/test/melanoma/ISIC_0013321.jpg,0.1838809996843338,0.13686341047286987
12,data/test/melanoma/ISIC_0013374.jpg,0.17253033816814423,0.14639082551002502
13,data/test/melanoma/ISIC_0013411.jpg,0.3374694883823395,0.16981354355812073
14,data/test/melanoma/ISIC_0013414.jpg,0.09534724801778793,0.08264278620481491
15,data/test/melanoma/ISIC_0013455.jpg,0.24223044514656067,0.20401057600975037
16,data/test/melanoma/ISIC_0013457.jpg,0.179562047123909,0.11448321491479874
17,data/test/melanoma/ISIC_0013459.jpg,0.2077692151069641,0.11340250819921494
18,data/test/melanoma/ISIC_0013472.jpg,0.13817952573299408,0.08743204176425934
19,data/test/melanoma/ISIC_0013473.jpg,0.30785897374153137,0.19575557112693787
20,data/test/melanoma/ISIC_0013565.jpg,0.2320614904165268,0.16438716650009155
21,data/test/melanoma/ISIC_0013577.jpg,0.18950040638446808,0.12839005887508392
22,data/test/melanoma/ISIC_0013588.jpg,0.22130540013313293,0.18607620894908905
23,data/test/melanoma/ISIC_0013615.jpg,0.16189488768577576,0.17937646806240082
24,data/test/melanoma/ISIC_0013617.jpg,0.14697590470314026,0.15033243596553802
25,data/test/melanoma/ISIC_0013636.jpg,0.20242153108119965,0.19934462010860443
26,data/test/melanoma/ISIC_0013678.jpg,0.39483442902565,0.1543480008840561
27,data/test/melanoma/ISIC_0013696.jpg,0.14615952968597412,0.10272128134965897
28,data/test/melanoma/ISIC_0013733.jpg,0.1898239254951477,0.10259213298559189
29,data/test/melanoma/ISIC_0013739.jpg,0.19676101207733154,0.20245827734470367
30,data/test/melanoma/ISIC_0013766.jpg,0.17827270925045013,0.09152746945619583
31,data/test/melanoma/ISIC_0013767.jpg,0.17803330719470978,0.13062524795532227
32,data/test/melanoma/ISIC_0013813.jpg,0.1518767923116684,0.1788727343082428
33,data/test/melanoma/ISIC_0013814.jpg,0.15722501277923584,0.11686993390321732
34,data/test/melanoma/ISIC_0013833.jpg,0.21384240686893463,0.1353718787431717
35,data/test/melanoma/ISIC_0013842.jpg,0.15138642489910126,0.07216817140579224
36,data/test/melanoma/ISIC_0013867.jpg,0.1311844140291214,0.08426347374916077
37,data/test/melanoma/ISIC_0013908.jpg,0.21615351736545563,0.21871884167194366
38,data/test/melanoma/ISIC_0013917.jpg,0.1277972161769867,0.1669052243232727
39,data/test/melanoma/ISIC_0013925.jpg,0.387156218290329,0.1763352006673813
40,data/test/melanoma/ISIC_0013948.jpg,0.2563444674015045,0.17690767347812653
41,data/test/melanoma/ISIC_0013953.jpg,0.1838771104812622,0.2950117886066437
42,data/test/melanoma/ISIC_0013987.jpg,0.15462495386600494,0.20872746407985687
43,data/test/melanoma/ISIC_0013988.jpg,0.1667470932006836,0.19863693416118622
44,data/test/melanoma/ISIC_0014027.jpg,0.1223541796207428,0.31893837451934814
45,data/test/melanoma/ISIC_0014059.jpg,0.16465196013450623,0.06039749085903168
46,data/test/melanoma/ISIC_0014077.jpg,0.13268637657165527,0.11304747313261032
47,data/test/melanoma/ISIC_0014103.jpg,0.18281471729278564,0.1327974945306778
48,data/test/melanoma/ISIC_0014110.jpg,0.1514732539653778,0.09308815747499466
49,data/test/melanoma/ISIC_0014129.jpg,0.13976392149925232,0.09481854736804962
50,data/test/melanoma/ISIC_0014148.jpg,0.21413466334342957,0.12866699695587158
51,data/test/melanoma/ISIC_0014160.jpg,0.1709362268447876,0.12286443263292313
52,data/test/melanoma/ISIC_0014181.jpg,0.18791843950748444,0.10054276883602142
53,data/test/melanoma/ISIC_0014186.jpg,0.1990552544593811,0.28376075625419617
54,data/test/melanoma/ISIC_0014219.jpg,0.15104180574417114,0.10190277546644211
55,data/test/melanoma/ISIC_0014221.jpg,0.11661365628242493,0.09819884598255157
56,data/test/melanoma/ISIC_0014233.jpg,0.2091708481311798,0.14776673913002014
57,data/test/melanoma/ISIC_0014255.jpg,0.08914393931627274,0.13032585382461548
58,data/test/melanoma/ISIC_0014270.jpg,0.16095885634422302,0.07879834622144699
59,data/test/melanoma/ISIC_0014284.jpg,0.22972194850444794,0.183867946267128
60,data/test/melanoma/ISIC_0014288.jpg,0.13217943906784058,0.07867266982793808
61,data/test/melanoma/ISIC_0014319.jpg,0.22322003543376923,0.13863641023635864
62,data/test/melanoma/ISIC_0014336.jpg,0.16536498069763184,0.10828348249197006
63,data/test/melanoma/ISIC_0014349.jpg,0.17183354496955872,0.1609448939561844
64,data/test/melanoma/ISIC_0014369.jpg,0.168354332447052,0.12616397440433502
65,data/test/melanoma/ISIC_0014423.jpg,0.1560455560684204,0.10196270793676376
66,data/test/melanoma/ISIC_0014434.jpg,0.1586778461933136,0.3190266191959381
67,data/test/melanoma/ISIC_0014454.jpg,0.17353501915931702,0.10529083013534546
68,data/test/melanoma/ISIC_0014478.jpg,0.2424357533454895,0.09296169877052307
69,data/test/melanoma/ISIC_0014489.jpg,0.2530747056007385,0.11498609930276871
70,data/test/melanoma/ISIC_0014506.jpg,0.1781066507101059,0.12170710414648056
71,data/test/melanoma/ISIC_0014513.jpg,0.15695729851722717,0.11669640988111496
72,data/test/melanoma/ISIC_0014541.jpg,0.204851895570755,0.1039346307516098
73,data/test/melanoma/ISIC_0014542.jpg,0.2523125410079956,0.2752440273761749
74,data/test/melanoma/ISIC_0014546.jpg,0.12095145136117935,0.08285407721996307
75,data/test/melanoma/ISIC_0014548.jpg,0.12880928814411163,0.089105986058712
76,data/test/melanoma/ISIC_0014559.jpg,0.2691132724285126,0.19215048849582672
77,data/test/melanoma/ISIC_0014663.jpg,0.22469498217105865,0.10541199892759323
78,data/test/melanoma/ISIC_0014666.jpg,0.31795674562454224,0.1128624677658081
79,data/test/melanoma/ISIC_0014695.jpg,0.20658226311206818,0.18888214230537415
80,data/test/melanoma/ISIC_0014703.jpg,0.23993249237537384,0.1583990901708603
81,data/test/melanoma/ISIC_0014727.jpg,0.06407821178436279,0.2354145646095276
82,data/test/melanoma/ISIC_0014766.jpg,0.3626324236392975,0.11248461157083511
83,data/test/melanoma/ISIC_0014772.jpg,0.17391563951969147,0.17263196408748627
84,data/test/melanoma/ISIC_0014784.jpg,0.2764028310775757,0.23110681772232056
85,data/test/melanoma/ISIC_0014790.jpg,0.16569223999977112,0.39113035798072815
86,data/test/melanoma/ISIC_0014800.jpg,0.23602283000946045,0.10344994068145752
87,data/test/melanoma/ISIC_0014826.jpg,0.3471432626247406,0.0962640792131424
88,data/test/melanoma/ISIC_0014862.jpg,0.2449686974287033,0.12589652836322784
89,data/test/melanoma/ISIC_0014872.jpg,0.2180124968290329,0.22001753747463226
90,data/test/melanoma/ISIC_0014883.jpg,0.20765165984630585,0.07465792447328568
91,data/test/melanoma/ISIC_0014912.jpg,0.26546376943588257,0.09624135494232178
92,data/test/melanoma/ISIC_0014928.jpg,0.17283493280410767,0.14805497229099274
93,data/test/melanoma/ISIC_0014932.jpg,0.1899513453245163,0.15087296068668365
94,data/test/melanoma/ISIC_0014963.jpg,0.5221750140190125,0.05650337412953377
95,data/test/melanoma/ISIC_0014982.jpg,0.3195079267024994,0.12543264031410217
96,data/test/melanoma/ISIC_0015004.jpg,0.13341712951660156,0.12068650126457214
97,data/test/melanoma/ISIC_0015041.jpg,0.32713010907173157,0.07181393355131149
98,data/test/melanoma/ISIC_0015046.jpg,0.31071099638938904,0.11028463393449783
99,data/test/melanoma/ISIC_0015050.jpg,0.36465224623680115,0.17768250405788422
100,data/test/melanoma/ISIC_0015071.jpg,0.6278058290481567,0.04368871450424194
101,data/test/melanoma/ISIC_0015115.jpg,0.22395388782024384,0.19978120923042297
102,data/test/melanoma/ISIC_0015119.jpg,0.38423845171928406,0.09155003726482391
103,data/test/melanoma/ISIC_0015127.jpg,0.25367605686187744,0.047145724296569824
104,data/test/melanoma/ISIC_0015132.jpg,0.2200833261013031,0.1788957417011261
105,data/test/melanoma/ISIC_0015133.jpg,0.22744299471378326,0.21096161007881165
106,data/test/melanoma/ISIC_0015136.jpg,0.30711475014686584,0.1460368037223816
107,data/test/melanoma/ISIC_0015142.jpg,0.28547409176826477,0.08968844264745712
108,data/test/melanoma/ISIC_0015156.jpg,0.17654071748256683,0.141702800989151
109,data/test/melanoma/ISIC_0015163.jpg,0.28233399987220764,0.19728010892868042
110,data/test/melanoma/ISIC_0015167.jpg,0.2841534912586212,0.15280205011367798
111,data/test/melanoma/ISIC_0015180.jpg,0.3473767042160034,0.13753056526184082
112,data/test/melanoma/ISIC_0015185.jpg,0.3202740252017975,0.08020801097154617
113,data/test/melanoma/ISIC_0015193.jpg,0.2825476825237274,0.17832112312316895
114,data/test/melanoma/ISIC_0015206.jpg,0.30561503767967224,0.08565156906843185
115,data/test/melanoma/ISIC_0015229.jpg,0.32946139574050903,0.09434278309345245
116,data/test/melanoma/ISIC_0015251.jpg,0.22856423258781433,0.09903078526258469
117,data/test/nevus/ISIC_0012092.jpg,0.15186235308647156,0.1765955537557602
118,data/test/nevus/ISIC_0012095.jpg,0.16525781154632568,0.22450943291187286
119,data/test/nevus/ISIC_0012147.jpg,0.20523861050605774,0.13379496335983276
120,data/test/nevus/ISIC_0012149.jpg,0.08855489641427994,0.4458698630332947
121,data/test/nevus/ISIC_0012152.jpg,0.16600626707077026,0.23029960691928864
122,data/test/nevus/ISIC_0012216.jpg,0.26871514320373535,0.1699971705675125
123,data/test/nevus/ISIC_0012357.jpg,0.20933912694454193,0.18951569497585297
124,data/test/nevus/ISIC_0012484.jpg,0.21895168721675873,0.19655925035476685
125,data/test/nevus/ISIC_0012493.jpg,0.149784654378891,0.13433769345283508
126,data/test/nevus/ISIC_0012551.jpg,0.1561368703842163,0.0997047871351242
127,data/test/nevus/ISIC_0012654.jpg,0.1301725059747696,0.09091004729270935
128,data/test/nevus/ISIC_0012656.jpg,0.25641897320747375,0.10295812785625458
129,data/test/nevus/ISIC_0012708.jpg,0.15315528213977814,0.09384778887033463
130,data/test/nevus/ISIC_0012722.jpg,0.1910274773836136,0.12752826511859894
131,data/test/nevus/ISIC_0012803.jpg,0.21598559617996216,0.16060365736484528
132,data/test/nevus/ISIC_0012836.jpg,0.15073032677173615,0.10393848270177841
133,data/test/nevus/ISIC_0012837.jpg,0.18924511969089508,0.2134656459093094
134,data/test/nevus/ISIC_0012903.jpg,0.1938113421201706,0.102546326816082
135,data/test/nevus/ISIC_0012904.jpg,0.2359023243188858,0.10934000462293625
136,data/test/nevus/ISIC_0012941.jpg,0.16221392154693604,0.3094269335269928
137,data/test/nevus/ISIC_0012967.jpg,0.20341072976589203,0.1733849197626114
138,data/test/nevus/ISIC_0013045.jpg,0.12428365647792816,0.07356096804141998
139,data/test/nevus/ISIC_0013070.jpg,0.1600133180618286,0.11147850006818771
140,data/test/nevus/ISIC_0013109.jpg,0.17302486300468445,0.13412515819072723
141,data/test/nevus/ISIC_0013159.jpg,0.28347212076187134,0.1686294674873352
142,data/test/nevus/ISIC_0013164.jpg,0.2033253163099289,0.13550308346748352
143,data/test/nevus/ISIC_0013176.jpg,0.14344555139541626,0.11008118093013763
144,data/test/nevus/ISIC_0013191.jpg,0.16998954117298126,0.16923634707927704
145,data/test/nevus/ISIC_0013216.jpg,0.207729309797287,0.10802006721496582
146,data/test/nevus/ISIC_0013226.jpg,0.10935845971107483,0.07813068479299545
147,data/test/nevus/ISIC_0013230.jpg,0.13824130594730377,0.1029077097773552
148,data/test/nevus/ISIC_0013269.jpg,0.14012396335601807,0.11047506332397461
149,data/test/nevus/ISIC_0013291.jpg,0.15190991759300232,0.08448360115289688
150,data/test/nevus/ISIC_0013325.jpg,0.23315967619419098,0.10616369545459747
151,data/test/nevus/ISIC_0013399.jpg,0.08482460677623749,0.24156157672405243
152,data/test/nevus/ISIC_0013416.jpg,0.1428067982196808,0.09768634289503098
153,data/test/nevus/ISIC_0013511.jpg,0.2956608533859253,0.22607147693634033
154,data/test/nevus/ISIC_0013512.jpg,0.21635624766349792,0.16870777308940887
155,data/test/nevus/ISIC_0013529.jpg,0.1430029571056366,0.09042112529277802
156,data/test/nevus/ISIC_0013600.jpg,0.18527665734291077,0.13646875321865082
157,data/test/nevus/ISIC_0013602.jpg,0.23817628622055054,0.10809739679098129
158,data/test/nevus/ISIC_0013738.jpg,0.14066782593727112,0.0867762565612793
159,data/test/nevus/ISIC_0013794.jpg,0.14880308508872986,0.1246645450592041
160,data/test/nevus/ISIC_0013809.jpg,0.16382288932800293,0.10593456029891968
161,data/test/nevus/ISIC_0013891.jpg,0.1742512583732605,0.21041333675384521
162,data/test/nevus/ISIC_0013897.jpg,0.16175031661987305,0.11280801147222519
163,data/test/nevus/ISIC_0013911.jpg,0.1889156997203827,0.1616494208574295
164,data/test/nevus/ISIC_0013966.jpg,0.23184897005558014,0.21643348038196564
165,data/test/nevus/ISIC_0013998.jpg,0.17677807807922363,0.12496703863143921
166,data/test/nevus/ISIC_0014090.jpg,0.13183653354644775,0.08271130919456482
167,data/test/nevus/ISIC_0014117.jpg,0.16064020991325378,0.10920201241970062
168,data/test/nevus/ISIC_0014470.jpg,0.1805921196937561,0.15067370235919952
169,data/test/nevus/ISIC_0014675.jpg,0.15543504059314728,0.11164064705371857
170,data/test/nevus/ISIC_0014677.jpg,0.11786869168281555,0.10730206221342087
171,data/test/nevus/ISIC_0014687.jpg,0.22589752078056335,0.08699668198823929
172,data/test/nevus/ISIC_0014693.jpg,0.1967158019542694,0.1211487427353859
173,data/test/nevus/ISIC_0014697.jpg,0.14683295786380768,0.2108769714832306
174,data/test/nevus/ISIC_0014698.jpg,0.24703353643417358,0.13629843294620514
175,data/test/nevus/ISIC_0014720.jpg,0.1683844029903412,0.09881944954395294
176,data/test/nevus/ISIC_0014725.jpg,0.15655307471752167,0.08816514164209366
177,data/test/nevus/ISIC_0014728.jpg,0.32491856813430786,0.12133194506168365
178,data/test/nevus/ISIC_0014729.jpg,0.0853617787361145,0.08853388577699661
179,data/test/nevus/ISIC_0014740.jpg,0.27521198987960815,0.1823102980852127
180,data/test/nevus/ISIC_0014743.jpg,0.17565754055976868,0.3050999343395233
181,data/test/nevus/ISIC_0014746.jpg,0.2283538430929184,0.18772341310977936
182,data/test/nevus/ISIC_0014749.jpg,0.3322158753871918,0.11685140430927277
183,data/test/nevus/ISIC_0014753.jpg,0.2191644161939621,0.10595573484897614
184,data/test/nevus/ISIC_0014755.jpg,0.2835075855255127,0.09070797264575958
185,data/test/nevus/ISIC_0014765.jpg,0.17208880186080933,0.12511615455150604
186,data/test/nevus/ISIC_0014768.jpg,0.15433262288570404,0.10893851518630981
187,data/test/nevus/ISIC_0014773.jpg,0.17968125641345978,0.12825964391231537
188,data/test/nevus/ISIC_0014780.jpg,0.22929713129997253,0.1317569464445114
189,data/test/nevus/ISIC_0014786.jpg,0.27270424365997314,0.19701169431209564
190,data/test/nevus/ISIC_0014787.jpg,0.2011391967535019,0.10980676114559174
191,data/test/nevus/ISIC_0014792.jpg,0.4185277223587036,0.1277175098657608
192,data/test/nevus/ISIC_0014796.jpg,0.2744329571723938,0.10065574198961258
193,data/test/nevus/ISIC_0014798.jpg,0.2689453065395355,0.12177184969186783
194,data/test/nevus/ISIC_0014807.jpg,0.2734041213989258,0.10818697512149811
195,data/test/nevus/ISIC_0014814.jpg,0.1987365484237671,0.12380310893058777
196,data/test/nevus/ISIC_0014815.jpg,0.18094761669635773,0.12435135990381241
197,data/test/nevus/ISIC_0014820.jpg,0.23921765387058258,0.08216506987810135
198,data/test/nevus/ISIC_0014822.jpg,0.199758842587471,0.1535029411315918
199,data/test/nevus/ISIC_0014833.jpg,0.2529093325138092,0.17406535148620605
200,data/test/nevus/ISIC_0014835.jpg,0.19334781169891357,0.12470617145299911
201,data/test/nevus/ISIC_0014844.jpg,0.1864849478006363,0.11132614314556122
202,data/test/nevus/ISIC_0014853.jpg,0.23595570027828217,0.0808243602514267
203,data/test/nevus/ISIC_0014854.jpg,0.30398738384246826,0.09605827927589417
204,data/test/nevus/ISIC_0014863.jpg,0.13481873273849487,0.30502891540527344
205,data/test/nevus/ISIC_0014867.jpg,0.17020981013774872,0.1442752331495285
206,data/test/nevus/ISIC_0014868.jpg,0.18495239317417145,0.11802031844854355
207,data/test/nevus/ISIC_0014876.jpg,0.050652340054512024,0.022591818124055862
208,data/test/nevus/ISIC_0014879.jpg,0.1738952398300171,0.1395604908466339
209,data/test/nevus/ISIC_0014901.jpg,0.27354395389556885,0.2446877807378769
210,data/test/nevus/ISIC_0014907.jpg,0.07666795700788498,0.03958728164434433
211,data/test/nevus/ISIC_0014910.jpg,0.19351984560489655,0.11015328019857407
212,data/test/nevus/ISIC_0014921.jpg,0.18929283320903778,0.10176877677440643
213,data/test/nevus/ISIC_0014927.jpg,0.37332236766815186,0.07371439784765244
214,data/test/nevus/ISIC_0014936.jpg,0.29581618309020996,0.08093458414077759
215,data/test/nevus/ISIC_0014938.jpg,0.35270610451698303,0.08572427928447723
216,data/test/nevus/ISIC_0014940.jpg,0.2082333266735077,0.10039150714874268
217,data/test/nevus/ISIC_0014941.jpg,0.27616649866104126,0.12350375950336456
218,data/test/nevus/ISIC_0014942.jpg,0.2042265236377716,0.18532423675060272
219,data/test/nevus/ISIC_0014943.jpg,0.23037192225456238,0.08756407350301743
220,data/test/nevus/ISIC_0014944.jpg,0.14997464418411255,0.10324634611606598
221,data/test/nevus/ISIC_0014947.jpg,0.38175371289253235,0.10707826167345047
222,data/test/nevus/ISIC_0014948.jpg,0.3356322944164276,0.09931988269090652
223,data/test/nevus/ISIC_0014949.jpg,0.16882115602493286,0.09842028468847275
224,data/test/nevus/ISIC_0014952.jpg,0.19921496510505676,0.15878412127494812
225,data/test/nevus/ISIC_0014955.jpg,0.34094759821891785,0.0838894471526146
226,data/test/nevus/ISIC_0014956.jpg,0.23849758505821228,0.26360154151916504
227,data/test/nevus/ISIC_0014957.jpg,0.22045055031776428,0.11875995993614197
228,data/test/nevus/ISIC_0014958.jpg,0.180428147315979,0.0507279671728611
229,data/test/nevus/ISIC_0014959.jpg,0.19460725784301758,0.1526307463645935
230,data/test/nevus/ISIC_0014961.jpg,0.19126613438129425,0.08431825786828995
231,data/test/nevus/ISIC_0014962.jpg,0.12439527362585068,0.15828514099121094
232,data/test/nevus/ISIC_0014964.jpg,0.35637640953063965,0.06549739092588425
233,data/test/nevus/ISIC_0014966.jpg,0.25019997358322144,0.13625739514827728
234,data/test/nevus/ISIC_0014968.jpg,0.2804062068462372,0.20400626957416534
235,data/test/nevus/ISIC_0014969.jpg,0.13740591704845428,0.14493077993392944
236,data/test/nevus/ISIC_0014973.jpg,0.2779251039028168,0.13881857693195343
237,data/test/nevus/ISIC_0014974.jpg,0.265703022480011,0.15021824836730957
238,data/test/nevus/ISIC_0014977.jpg,0.20987200736999512,0.12652015686035156
239,data/test/nevus/ISIC_0014992.jpg,0.19192732870578766,0.12522944808006287
240,data/test/nevus/ISIC_0014994.jpg,0.20650643110275269,0.2185315489768982
241,data/test/nevus/ISIC_0014998.jpg,0.24015066027641296,0.19368328154087067
242,data/test/nevus/ISIC_0015002.jpg,0.4628691077232361,0.02722594141960144
243,data/test/nevus/ISIC_0015003.jpg,0.24266068637371063,0.19857777655124664
244,data/test/nevus/ISIC_0015007.jpg,0.18740056455135345,0.17660848796367645
245,data/test/nevus/ISIC_0015008.jpg,0.19797275960445404,0.1659967601299286
246,data/test/nevus/ISIC_0015009.jpg,0.4696073830127716,0.18020303547382355
247,data/test/nevus/ISIC_0015011.jpg,0.2122819572687149,0.15584628283977509
248,data/test/nevus/ISIC_0015013.jpg,0.2253180295228958,0.10796938091516495
249,data/test/nevus/ISIC_0015015.jpg,0.23956280946731567,0.2527642548084259
250,data/test/nevus/ISIC_0015016.jpg,0.27709025144577026,0.16933871805667877
251,data/test/nevus/ISIC_0015018.jpg,0.17925283312797546,0.1903519183397293
252,data/test/nevus/ISIC_0015019.jpg,0.20185229182243347,0.1370680183172226
253,data/test/nevus/ISIC_0015020.jpg,0.4015115797519684,0.1687295138835907
254,data/test/nevus/ISIC_0015021.jpg,0.2022901028394699,0.30498093366622925
255,data/test/nevus/ISIC_0015023.jpg,0.17112523317337036,0.10263284295797348
256,data/test/nevus/ISIC_0015026.jpg,0.3032365143299103,0.08123777061700821
257,data/test/nevus/ISIC_0015030.jpg,0.18752101063728333,0.09286107122898102
258,data/test/nevus/ISIC_0015031.jpg,0.10285929590463638,0.24997082352638245
259,data/test/nevus/ISIC_0015034.jpg,0.21104352176189423,0.08167871832847595
260,data/test/nevus/ISIC_0015035.jpg,0.16909159719944,0.05465945228934288
261,data/test/nevus/ISIC_0015037.jpg,0.21227522194385529,0.19140124320983887
262,data/test/nevus/ISIC_0015040.jpg,0.18046581745147705,0.19996507465839386
263,data/test/nevus/ISIC_0015051.jpg,0.1865844428539276,0.15230713784694672
264,data/test/nevus/ISIC_0015056.jpg,0.21837149560451508,0.13912034034729004
265,data/test/nevus/ISIC_0015057.jpg,0.12193721532821655,0.24423754215240479
266,data/test/nevus/ISIC_0015060.jpg,0.19455279409885406,0.12877203524112701
267,data/test/nevus/ISIC_0015064.jpg,0.1950472891330719,0.12007357180118561
268,data/test/nevus/ISIC_0015078.jpg,0.3181227445602417,0.204445943236351
269,data/test/nevus/ISIC_0015089.jpg,0.14108003675937653,0.06639309972524643
270,data/test/nevus/ISIC_0015102.jpg,0.33601292967796326,0.1308087259531021
271,data/test/nevus/ISIC_0015118.jpg,0.20009727776050568,0.2688036262989044
272,data/test/nevus/ISIC_0015125.jpg,0.2572470009326935,0.06963376700878143
273,data/test/nevus/ISIC_0015129.jpg,0.25582823157310486,0.12567733228206635
274,data/test/nevus/ISIC_0015130.jpg,0.18544629216194153,0.0918213501572609
275,data/test/nevus/ISIC_0015139.jpg,0.46585044264793396,0.07511341571807861
276,data/test/nevus/ISIC_0015140.jpg,0.389683336019516,0.06185576319694519
277,data/test/nevus/ISIC_0015146.jpg,0.329915851354599,0.09407079219818115
278,data/test/nevus/ISIC_0015149.jpg,0.2778990566730499,0.07847186177968979
279,data/test/nevus/ISIC_0015150.jpg,0.18886171281337738,0.09064830839633942
280,data/test/nevus/ISIC_0015152.jpg,0.053581543266773224,0.18086735904216766
281,data/test/nevus/ISIC_0015155.jpg,0.24443846940994263,0.13495101034641266
282,data/test/nevus/ISIC_0015157.jpg,0.13931450247764587,0.10414052754640579
283,data/test/nevus/ISIC_0015160.jpg,0.24401338398456573,0.18953461945056915
284,data/test/nevus/ISIC_0015161.jpg,0.2592979371547699,0.11185801774263382
285,data/test/nevus/ISIC_0015171.jpg,0.2460963875055313,0.1395166665315628
286,data/test/nevus/ISIC_0015173.jpg,0.28752100467681885,0.20069319009780884
287,data/test/nevus/ISIC_0015174.jpg,0.20923300087451935,0.12633441388607025
288,data/test/nevus/ISIC_0015175.jpg,0.2690494954586029,0.1958475410938263
289,data/test/nevus/ISIC_0015176.jpg,0.20619215071201324,0.24180568754673004
290,data/test/nevus/ISIC_0015179.jpg,0.23033888638019562,0.17648182809352875
291,data/test/nevus/ISIC_0015184.jpg,0.23964177072048187,0.07653407007455826
292,data/test/nevus/ISIC_0015201.jpg,0.19011153280735016,0.07983177900314331
293,data/test/nevus/ISIC_0015202.jpg,0.20400680601596832,0.1409970223903656
294,data/test/nevus/ISIC_0015203.jpg,0.25522926449775696,0.2737579941749573
295,data/test/nevus/ISIC_0015207.jpg,0.17851856350898743,0.1672007143497467
296,data/test/nevus/ISIC_0015208.jpg,0.23663225769996643,0.10751882195472717
297,data/test/nevus/ISIC_0015212.jpg,0.13506345450878143,0.09563513100147247
298,data/test/nevus/ISIC_0015215.jpg,0.26302674412727356,0.14000797271728516
299,data/test/nevus/ISIC_0015216.jpg,0.2544660270214081,0.26923826336860657
300,data/test/nevus/ISIC_0015217.jpg,0.18345516920089722,0.14213639497756958
301,data/test/nevus/ISIC_0015218.jpg,0.1945813000202179,0.0876532569527626
302,data/test/nevus/ISIC_0015223.jpg,0.1852106750011444,0.0685182586312294
303,data/test/nevus/ISIC_0015224.jpg,0.131733238697052,0.12033288180828094
304,data/test/nevus/ISIC_0015226.jpg,0.25513315200805664,0.20532764494419098
305,data/test/nevus/ISIC_0015232.jpg,0.2995397746562958,0.14589433372020721
306,data/test/nevus/ISIC_0015237.jpg,0.3172946572303772,0.07982682436704636
307,data/test/nevus/ISIC_0015241.jpg,0.13040834665298462,0.17265108227729797
308,data/test/nevus/ISIC_0015244.jpg,0.2181992083787918,0.2972825765609741
309,data/test/nevus/ISIC_0015245.jpg,0.3371622562408447,0.10756833106279373
310,data/test/nevus/ISIC_0015250.jpg,0.20201806724071503,0.13150207698345184
311,data/test/nevus/ISIC_0015254.jpg,0.24034668505191803,0.21394304931163788
312,data/test/nevus/ISIC_0015255.jpg,0.2922801077365875,0.15099766850471497
313,data/test/nevus/ISIC_0015258.jpg,0.17107075452804565,0.13216367363929749
314,data/test/nevus/ISIC_0015264.jpg,0.3583325147628784,0.10574614256620407
315,data/test/nevus/ISIC_0015270.jpg,0.19285157322883606,0.18065744638442993
316,data/test/nevus/ISIC_0015273.jpg,0.21561089158058167,0.14808662235736847
317,data/test/nevus/ISIC_0015274.jpg,0.22549019753932953,0.09961230307817459
318,data/test/nevus/ISIC_0015276.jpg,0.21591950953006744,0.11373908817768097
319,data/test/nevus/ISIC_0015279.jpg,0.06387423723936081,0.11811257898807526
320,data/test/nevus/ISIC_0015283.jpg,0.2083522379398346,0.1757126748561859
321,data/test/nevus/ISIC_0015291.jpg,0.16223473846912384,0.10939373075962067
322,data/test/nevus/ISIC_0015293.jpg,0.23680880665779114,0.10336887091398239
323,data/test/nevus/ISIC_0015298.jpg,0.17648771405220032,0.09412584453821182
324,data/test/nevus/ISIC_0015309.jpg,0.17320381104946136,0.21340852975845337
325,data/test/nevus/ISIC_0015310.jpg,0.2776990532875061,0.10469435900449753
326,data/test/nevus/ISIC_0015311.jpg,0.2201031744480133,0.10001830756664276
327,data/test/nevus/ISIC_0015312.jpg,0.25269991159439087,0.09858684241771698
328,data/test/nevus/ISIC_0015330.jpg,0.213710755109787,0.14225874841213226
329,data/test/nevus/ISIC_0015331.jpg,0.18468821048736572,0.1218063086271286
330,data/test/nevus/ISIC_0015347.jpg,0.18122518062591553,0.078713059425354
331,data/test/nevus/ISIC_0015353.jpg,0.286864310503006,0.10442807525396347
332,data/test/nevus/ISIC_0015355.jpg,0.2277541607618332,0.08551856130361557
333,data/test/nevus/ISIC_0015357.jpg,0.12931126356124878,0.12292296439409256
334,data/test/nevus/ISIC_0015360.jpg,0.3293660581111908,0.08076606690883636
335,data/test/nevus/ISIC_0015363.jpg,0.4170946478843689,0.13767097890377045
336,data/test/nevus/ISIC_0015364.jpg,0.3499322533607483,0.12694014608860016
337,data/test/nevus/ISIC_0015368.jpg,0.21232527494430542,0.11842519789934158
338,data/test/nevus/ISIC_0015369.jpg,0.16794918477535248,0.11460407823324203
339,data/test/nevus/ISIC_0015383.jpg,0.2844063639640808,0.09855680912733078
340,data/test/nevus/ISIC_0015386.jpg,0.2260822355747223,0.1435941904783249
341,data/test/nevus/ISIC_0015390.jpg,0.32884469628334045,0.23345784842967987
342,data/test/nevus/ISIC_0015395.jpg,0.31662747263908386,0.1833825260400772
343,data/test/nevus/ISIC_0015403.jpg,0.31965357065200806,0.1214006096124649
344,data/test/nevus/ISIC_0015404.jpg,0.2736074924468994,0.1354231983423233
345,data/test/nevus/ISIC_0015411.jpg,0.16909345984458923,0.13190746307373047
346,data/test/nevus/ISIC_0015412.jpg,0.1507573425769806,0.11528527736663818
347,data/test/nevus/ISIC_0015416.jpg,0.31938257813453674,0.07356348633766174
348,data/test/nevus/ISIC_0015417.jpg,0.21732138097286224,0.19227755069732666
349,data/test/nevus/ISIC_0015418.jpg,0.22098051011562347,0.21862885355949402
350,data/test/nevus/ISIC_0015419.jpg,0.2723967134952545,0.20492896437644958
351,data/test/nevus/ISIC_0015436.jpg,0.37661951780319214,0.09252630174160004
352,data/test/nevus/ISIC_0015440.jpg,0.1954841911792755,0.2736508250236511
353,data/test/nevus/ISIC_0015447.jpg,0.18097271025180817,0.17089307308197021
354,data/test/nevus/ISIC_0015455.jpg,0.20843152701854706,0.2338377833366394
355,data/test/nevus/ISIC_0015464.jpg,0.20794028043746948,0.1652807593345642
356,data/test/nevus/ISIC_0015466.jpg,0.16224446892738342,0.33740904927253723
357,data/test/nevus/ISIC_0015468.jpg,0.20490507781505585,0.22918574512004852
358,data/test/nevus/ISIC_0015476.jpg,0.12018077075481415,0.10612887144088745
359,data/test/nevus/ISIC_0015481.jpg,0.24287095665931702,0.09483178704977036
360,data/test/nevus/ISIC_0015482.jpg,0.20035648345947266,0.08445320278406143
361,data/test/nevus/ISIC_0015485.jpg,0.24465644359588623,0.1214510127902031
362,data/test/nevus/ISIC_0015510.jpg,0.20118914544582367,0.1262902170419693
363,data/test/nevus/ISIC_0015526.jpg,0.19611433148384094,0.08592241257429123
364,data/test/nevus/ISIC_0015537.jpg,0.14896160364151,0.08659625053405762
365,data/test/nevus/ISIC_0015544.jpg,0.1361522674560547,0.0674145370721817
366,data/test/nevus/ISIC_0015559.jpg,0.13192524015903473,0.04002952575683594
367,data/test/nevus/ISIC_0015563.jpg,0.3488161563873291,0.09430890530347824
368,data/test/nevus/ISIC_0015566.jpg,0.15336157381534576,0.06484603881835938
369,data/test/nevus/ISIC_0015568.jpg,0.12147533148527145,0.06126856803894043
370,data/test/nevus/ISIC_0015582.jpg,0.2598540484905243,0.08392185717821121
371,data/test/nevus/ISIC_0015593.jpg,0.14247213304042816,0.1686689257621765
372,data/test/nevus/ISIC_0015603.jpg,0.1601588875055313,0.10383246839046478
373,data/test/nevus/ISIC_0015607.jpg,0.15351556241512299,0.10390273481607437
374,data/test/nevus/ISIC_0015614.jpg,0.20092184841632843,0.07420773059129715
375,data/test/nevus/ISIC_0015617.jpg,0.14912913739681244,0.1623418778181076
376,data/test/nevus/ISIC_0015625.jpg,0.16416722536087036,0.1218746155500412
377,data/test/nevus/ISIC_0015631.jpg,0.21242307126522064,0.15747016668319702
378,data/test/nevus/ISIC_0015636.jpg,0.13463610410690308,0.06173745542764664
379,data/test/nevus/ISIC_0015638.jpg,0.0933939665555954,0.05878308415412903
380,data/test/nevus/ISIC_0015641.jpg,0.4234560430049896,0.10763219743967056
381,data/test/nevus/ISIC_0015645.jpg,0.1443561464548111,0.10114724189043045
382,data/test/nevus/ISIC_0015936.jpg,0.1429583877325058,0.09111648797988892
383,data/test/nevus/ISIC_0015937.jpg,0.1579752415418625,0.08014734834432602
384,data/test/nevus/ISIC_0015938.jpg,0.17486292123794556,0.1350225955247879
385,data/test/nevus/ISIC_0015939.jpg,0.1850203424692154,0.1275305598974228
386,data/test/nevus/ISIC_0015940.jpg,0.11279770731925964,0.2312682569026947
387,data/test/nevus/ISIC_0015941.jpg,0.11774241924285889,0.06366155296564102
388,data/test/nevus/ISIC_0015942.jpg,0.14697901904582977,0.09880480170249939
389,data/test/nevus/ISIC_0015943.jpg,0.15948747098445892,0.13036443293094635
390,data/test/nevus/ISIC_0015944.jpg,0.21454831957817078,0.19121745228767395
391,data/test/nevus/ISIC_0015945.jpg,0.2537303566932678,0.18802255392074585
392,data/test/nevus/ISIC_0015946.jpg,0.23849953711032867,0.17847566306591034
393,data/test/nevus/ISIC_0015947.jpg,0.16300706565380096,0.13152241706848145
394,data/test/nevus/ISIC_0015948.jpg,0.14999182522296906,0.11461452394723892
395,data/test/nevus/ISIC_0015949.jpg,0.13844425976276398,0.12289036065340042
396,data/test/nevus/ISIC_0015950.jpg,0.1410621702671051,0.12990544736385345
397,data/test/nevus/ISIC_0015951.jpg,0.14886170625686646,0.12296954542398453
398,data/test/nevus/ISIC_0015952.jpg,0.15024685859680176,0.14744757115840912
399,data/test/nevus/ISIC_0015953.jpg,0.14623765647411346,0.3103739619255066
400,data/test/nevus/ISIC_0015954.jpg,0.24680708348751068,0.19276495277881622
401,data/test/nevus/ISIC_0015955.jpg,0.20012402534484863,0.307849258184433
402,data/test/nevus/ISIC_0015956.jpg,0.22687400877475739,0.08123477548360825
403,data/test/nevus/ISIC_0015957.jpg,0.1615571528673172,0.12346172332763672
404,data/test/nevus/ISIC_0015958.jpg,0.20412391424179077,0.17829859256744385
405,data/test/nevus/ISIC_0015959.jpg,0.2601691782474518,0.14828315377235413
406,data/test/nevus/ISIC_0015960.jpg,0.2772897183895111,0.11771924793720245
407,data/test/nevus/ISIC_0015961.jpg,0.30513593554496765,0.12506814301013947
408,data/test/nevus/ISIC_0015962.jpg,0.2252805233001709,0.10629921406507492
409,data/test/nevus/ISIC_0015963.jpg,0.1431143432855606,0.09160609543323517
410,data/test/nevus/ISIC_0015964.jpg,0.20457658171653748,0.15108971297740936
411,data/test/nevus/ISIC_0015965.jpg,0.17028816044330597,0.08395025879144669
412,data/test/nevus/ISIC_0015966.jpg,0.20304903388023376,0.20849335193634033
413,data/test/nevus/ISIC_0015967.jpg,0.05404268950223923,0.04955185949802399
414,data/test/nevus/ISIC_0015968.jpg,0.24106289446353912,0.12806923687458038
415,data/test/nevus/ISIC_0015969.jpg,0.20270021259784698,0.2627667486667633
416,data/test/nevus/ISIC_0015971.jpg,0.13969634473323822,0.13939785957336426
417,data/test/nevus/ISIC_0015972.jpg,0.15389670431613922,0.1631946712732315
418,data/test/nevus/ISIC_0015973.jpg,0.16174103319644928,0.12628208100795746
419,data/test/nevus/ISIC_0015974.jpg,0.2850057780742645,0.10406366735696793
420,data/test/nevus/ISIC_0015975.jpg,0.1367957890033722,0.10659469664096832
421,data/test/nevus/ISIC_0015976.jpg,0.17317762970924377,0.14714157581329346
422,data/test/nevus/ISIC_0015978.jpg,0.12197335809469223,0.3434736430644989
423,data/test/nevus/ISIC_0015979.jpg,0.16600626707077026,0.23029960691928864
424,data/test/nevus/ISIC_0015980.jpg,0.1832335889339447,0.14665116369724274
425,data/test/nevus/ISIC_0015981.jpg,0.15801848471164703,0.16922365128993988
426,data/test/nevus/ISIC_0015982.jpg,0.13245107233524323,0.11874886602163315
427,data/test/nevus/ISIC_0015983.jpg,0.1794888824224472,0.0807015672326088
428,data/test/nevus/ISIC_0015984.jpg,0.18862192332744598,0.12443996965885162
429,data/test/nevus/ISIC_0015985.jpg,0.13071209192276,0.07654924690723419
430,data/test/nevus/ISIC_0015986.jpg,0.14149442315101624,0.11137793213129044
431,data/test/nevus/ISIC_0015987.jpg,0.14806754887104034,0.12684951722621918
432,data/test/nevus/ISIC_0015988.jpg,0.23276479542255402,0.19499358534812927
433,data/test/nevus/ISIC_0015989.jpg,0.17021730542182922,0.24928490817546844
434,data/test/nevus/ISIC_0015990.jpg,0.13415119051933289,0.11347483843564987
435,data/test/nevus/ISIC_0015991.jpg,0.18826137483119965,0.21803367137908936
436,data/test/nevus/ISIC_0015992.jpg,0.12767788767814636,0.06492467224597931
437,data/test/nevus/ISIC_0015993.jpg,0.1611151248216629,0.1370881199836731
438,data/test/nevus/ISIC_0015994.jpg,0.15366879105567932,0.06402881443500519
439,data/test/nevus/ISIC_0015995.jpg,0.2128084897994995,0.18294572830200195
440,data/test/nevus/ISIC_0015996.jpg,0.13660241663455963,0.1106824055314064
441,data/test/nevus/ISIC_0015997.jpg,0.12384364753961563,0.07150567322969437
442,data/test/nevus/ISIC_0015998.jpg,0.15264593064785004,0.0894731804728508
443,data/test/nevus/ISIC_0015999.jpg,0.12683990597724915,0.14164507389068604
444,data/test/nevus/ISIC_0016000.jpg,0.3076366186141968,0.13078977167606354
445,data/test/nevus/ISIC_0016001.jpg,0.26871514320373535,0.1699971705675125
446,data/test/nevus/ISIC_0016002.jpg,0.1367039978504181,0.1741674691438675
447,data/test/nevus/ISIC_0016003.jpg,0.17577716708183289,0.19034811854362488
448,data/test/nevus/ISIC_0016004.jpg,0.18125641345977783,0.12155372649431229
449,data/test/nevus/ISIC_0016005.jpg,0.1662420928478241,0.3098527491092682
450,data/test/nevus/ISIC_0016006.jpg,0.11753109842538834,0.46979475021362305
451,data/test/nevus/ISIC_0016007.jpg,0.16202124953269958,0.14062339067459106
452,data/test/nevus/ISIC_0016008.jpg,0.17810575664043427,0.1583111584186554
453,data/test/nevus/ISIC_0016009.jpg,0.08992289751768112,0.04163263738155365
454,data/test/nevus/ISIC_0016011.jpg,0.19133925437927246,0.2962546646595001
455,data/test/nevus/ISIC_0016012.jpg,0.15953129529953003,0.1383238434791565
456,data/test/nevus/ISIC_0016013.jpg,0.17446354031562805,0.2163044810295105
457,data/test/nevus/ISIC_0016014.jpg,0.1308833360671997,0.11309831589460373
458,data/test/nevus/ISIC_0016015.jpg,0.08418170362710953,0.11359963566064835
459,data/test/nevus/ISIC_0016016.jpg,0.1947595328092575,0.1485825628042221
460,data/test/nevus/ISIC_0016017.jpg,0.16354729235172272,0.08789829909801483
461,data/test/nevus/ISIC_0016018.jpg,0.16764746606349945,0.1535778045654297
462,data/test/nevus/ISIC_0016019.jpg,0.16558879613876343,0.31350457668304443
463,data/test/nevus/ISIC_0016022.jpg,0.17132648825645447,0.1049748957157135
464,data/test/nevus/ISIC_0016023.jpg,0.190482497215271,0.17104461789131165
465,data/test/nevus/ISIC_0016024.jpg,0.20251736044883728,0.12303735315799713
466,data/test/nevus/ISIC_0016025.jpg,0.2556489408016205,0.20506243407726288
467,data/test/nevus/ISIC_0016026.jpg,0.1485375463962555,0.15694765746593475
468,data/test/nevus/ISIC_0016027.jpg,0.1680106222629547,0.139627143740654
469,data/test/nevus/ISIC_0016028.jpg,0.11458531767129898,0.08959388732910156
470,data/test/nevus/ISIC_0016029.jpg,0.1432417631149292,0.17829445004463196
471,data/test/nevus/ISIC_0016030.jpg,0.15022028982639313,0.1413135975599289
472,data/test/nevus/ISIC_0016031.jpg,0.13872811198234558,0.09817276149988174
473,data/test/nevus/ISIC_0016033.jpg,0.17502565681934357,0.12535500526428223
474,data/test/nevus/ISIC_0016034.jpg,0.1520603895187378,0.1543045938014984
475,data/test/nevus/ISIC_0016035.jpg,0.16019529104232788,0.1458396017551422
476,data/test/nevus/ISIC_0016036.jpg,0.18156157433986664,0.1608375608921051
477,data/test/nevus/ISIC_0016037.jpg,0.1540398895740509,0.0950111597776413
478,data/test/nevus/ISIC_0016038.jpg,0.16762351989746094,0.09836000949144363
479,data/test/nevus/ISIC_0016040.jpg,0.1859356313943863,0.14681652188301086
480,data/test/nevus/ISIC_0016041.jpg,0.20734047889709473,0.3225843012332916
481,data/test/nevus/ISIC_0016042.jpg,0.14196676015853882,0.10913073271512985
482,data/test/nevus/ISIC_0016043.jpg,0.22264109551906586,0.2047739028930664
483,data/test/nevus/ISIC_0016044.jpg,0.16077211499214172,0.26895901560783386
484,data/test/nevus/ISIC_0016045.jpg,0.17332300543785095,0.13327540457248688
485,data/test/nevus/ISIC_0016046.jpg,0.14209681749343872,0.07206542044878006
486,data/test/nevus/ISIC_0016048.jpg,0.1200798824429512,0.06452570855617523
487,data/test/nevus/ISIC_0016049.jpg,0.15461499989032745,0.1092057079076767
488,data/test/nevus/ISIC_0016050.jpg,0.15570959448814392,0.060959964990615845
489,data/test/nevus/ISIC_0016051.jpg,0.10970504581928253,0.05107918381690979
490,data/test/nevus/ISIC_0016052.jpg,0.13222964107990265,0.07278860360383987
491,data/test/nevus/ISIC_0016053.jpg,0.14131860435009003,0.09461396187543869
492,data/test/nevus/ISIC_0016054.jpg,0.17635011672973633,0.09615080803632736
493,data/test/nevus/ISIC_0016055.jpg,0.12951412796974182,0.2248075157403946
494,data/test/nevus/ISIC_0016056.jpg,0.14325477182865143,0.10472944378852844
495,data/test/nevus/ISIC_0016057.jpg,0.20478466153144836,0.09648021310567856
496,data/test/nevus/ISIC_0016058.jpg,0.14185595512390137,0.3747788667678833
497,data/test/nevus/ISIC_0016059.jpg,0.11076723784208298,0.06850087642669678
498,data/test/nevus/ISIC_0016060.jpg,0.23946188390254974,0.14335009455680847
499,data/test/nevus/ISIC_0016061.jpg,0.15730896592140198,0.10307130962610245
500,data/test/nevus/ISIC_0016062.jpg,0.1607288420200348,0.11190955340862274
501,data/test/nevus/ISIC_0016063.jpg,0.13400234282016754,0.0782291442155838
502,data/test/nevus/ISIC_0016064.jpg,0.15000209212303162,0.17486652731895447
503,data/test/nevus/ISIC_0016065.jpg,0.1411818265914917,0.12136754393577576
504,data/test/nevus/ISIC_0016066.jpg,0.1641414314508438,0.10213568806648254
505,data/test/nevus/ISIC_0016068.jpg,0.19500835239887238,0.09877844899892807
506,data/test/nevus/ISIC_0016069.jpg,0.12406651675701141,0.0779692679643631
507,data/test/nevus/ISIC_0016070.jpg,0.11261206120252609,0.14122001826763153
508,data/test/nevus/ISIC_0016071.jpg,0.15022939443588257,0.10417618602514267
509,data/test/nevus/ISIC_0016072.jpg,0.12035443633794785,0.08386758714914322
510,data/test/seborrheic_keratosis/ISIC_0012086.jpg,0.17336072027683258,0.3294388949871063
511,data/test/seborrheic_keratosis/ISIC_0012134.jpg,0.14478237926959991,0.2226593941450119
512,data/test/seborrheic_keratosis/ISIC_0012136.jpg,0.23509182035923004,0.2818816006183624
513,data/test/seborrheic_keratosis/ISIC_0012178.jpg,0.26692694425582886,0.24810846149921417
514,data/test/seborrheic_keratosis/ISIC_0012199.jpg,0.300944447517395,0.1638282835483551
515,data/test/seborrheic_keratosis/ISIC_0012207.jpg,0.3000657260417938,0.24639496207237244
516,data/test/seborrheic_keratosis/ISIC_0012215.jpg,0.24434836208820343,0.282726526260376
517,data/test/seborrheic_keratosis/ISIC_0012223.jpg,0.1382932960987091,0.10753568261861801
518,data/test/seborrheic_keratosis/ISIC_0012240.jpg,0.16330797970294952,0.11308503895998001
519,data/test/seborrheic_keratosis/ISIC_0012248.jpg,0.21436671912670135,0.31374844908714294
520,data/test/seborrheic_keratosis/ISIC_0012265.jpg,0.11708984524011612,0.05928729474544525
521,data/test/seborrheic_keratosis/ISIC_0012266.jpg,0.12620501220226288,0.12672442197799683
522,data/test/seborrheic_keratosis/ISIC_0012272.jpg,0.20838049054145813,0.05977887660264969
523,data/test/seborrheic_keratosis/ISIC_0012273.jpg,0.16182366013526917,0.3201296925544739
524,data/test/seborrheic_keratosis/ISIC_0012314.jpg,0.16841311752796173,0.2629501223564148
525,data/test/seborrheic_keratosis/ISIC_0012323.jpg,0.18339964747428894,0.20411574840545654
526,data/test/seborrheic_keratosis/ISIC_0012330.jpg,0.17369720339775085,0.3787184953689575
527,data/test/seborrheic_keratosis/ISIC_0012358.jpg,0.19293363392353058,0.14532390236854553
528,data/test/seborrheic_keratosis/ISIC_0012364.jpg,0.16260209679603577,0.23389260470867157
529,data/test/seborrheic_keratosis/ISIC_0012372.jpg,0.1706514060497284,0.23991769552230835
530,data/test/seborrheic_keratosis/ISIC_0012375.jpg,0.18708090484142303,0.18050862848758698
531,data/test/seborrheic_keratosis/ISIC_0012387.jpg,0.15665796399116516,0.2800465524196625
532,data/test/seborrheic_keratosis/ISIC_0012388.jpg,0.09417068213224411,0.14232414960861206
533,data/test/seborrheic_keratosis/ISIC_0012414.jpg,0.14569047093391418,0.10677634924650192
534,data/test/seborrheic_keratosis/ISIC_0012428.jpg,0.17800387740135193,0.2628563940525055
535,data/test/seborrheic_keratosis/ISIC_0012432.jpg,0.11059348285198212,0.383655309677124
536,data/test/seborrheic_keratosis/ISIC_0012447.jpg,0.24995721876621246,0.25233393907546997
537,data/test/seborrheic_keratosis/ISIC_0012448.jpg,0.22705717384815216,0.2502184212207794
538,data/test/seborrheic_keratosis/ISIC_0012510.jpg,0.16061048209667206,0.13170906901359558
539,data/test/seborrheic_keratosis/ISIC_0012522.jpg,0.14817292988300323,0.12657228112220764
540,data/test/seborrheic_keratosis/ISIC_0012537.jpg,0.16981011629104614,0.14686919748783112
541,data/test/seborrheic_keratosis/ISIC_0012548.jpg,0.2006808966398239,0.2539108991622925
542,data/test/seborrheic_keratosis/ISIC_0012705.jpg,0.4347803294658661,0.21183912456035614
543,data/test/seborrheic_keratosis/ISIC_0012757.jpg,0.1761092096567154,0.11730503290891647
544,data/test/seborrheic_keratosis/ISIC_0012786.jpg,0.2495548576116562,0.2696688175201416
545,data/test/seborrheic_keratosis/ISIC_0012848.jpg,0.2691126763820648,0.2875642776489258
546,data/test/seborrheic_keratosis/ISIC_0012852.jpg,0.1537189483642578,0.12046445161104202
547,data/test/seborrheic_keratosis/ISIC_0012928.jpg,0.22979532182216644,0.1820276826620102
548,data/test/seborrheic_keratosis/ISIC_0012955.jpg,0.13523253798484802,0.25389817357063293
549,data/test/seborrheic_keratosis/ISIC_0012974.jpg,0.17434705793857574,0.12340615689754486
550,data/test/seborrheic_keratosis/ISIC_0013030.jpg,0.12437470257282257,0.27896595001220703
551,data/test/seborrheic_keratosis/ISIC_0013035.jpg,0.1787881851196289,0.35074546933174133
552,data/test/seborrheic_keratosis/ISIC_0013085.jpg,0.19363582134246826,0.2595467269420624
553,data/test/seborrheic_keratosis/ISIC_0013169.jpg,0.2873156666755676,0.28322508931159973
554,data/test/seborrheic_keratosis/ISIC_0013170.jpg,0.25103846192359924,0.3693650960922241
555,data/test/seborrheic_keratosis/ISIC_0013203.jpg,0.18080413341522217,0.1696382313966751
556,data/test/seborrheic_keratosis/ISIC_0013270.jpg,0.1359919309616089,0.07913892716169357
557,data/test/seborrheic_keratosis/ISIC_0013271.jpg,0.18422412872314453,0.18738600611686707
558,data/test/seborrheic_keratosis/ISIC_0013281.jpg,0.21712331473827362,0.19811344146728516
559,data/test/seborrheic_keratosis/ISIC_0013319.jpg,0.1831047683954239,0.11547060310840607
560,data/test/seborrheic_keratosis/ISIC_0013393.jpg,0.22280056774616241,0.2511097192764282
561,data/test/seborrheic_keratosis/ISIC_0013465.jpg,0.17552831768989563,0.1921418011188507
562,data/test/seborrheic_keratosis/ISIC_0013673.jpg,0.2272050529718399,0.2894092798233032
563,data/test/seborrheic_keratosis/ISIC_0013708.jpg,0.26465365290641785,0.11058495938777924
564,data/test/seborrheic_keratosis/ISIC_0013764.jpg,0.29774972796440125,0.09475868940353394
565,data/test/seborrheic_keratosis/ISIC_0013977.jpg,0.1674288809299469,0.2879451811313629
566,data/test/seborrheic_keratosis/ISIC_0014006.jpg,0.27514392137527466,0.15717680752277374
567,data/test/seborrheic_keratosis/ISIC_0014177.jpg,0.16925466060638428,0.23961535096168518
568,data/test/seborrheic_keratosis/ISIC_0014251.jpg,0.22949160635471344,0.1520261913537979
569,data/test/seborrheic_keratosis/ISIC_0014278.jpg,0.14102451503276825,0.18754719197750092
570,data/test/seborrheic_keratosis/ISIC_0014386.jpg,0.1305307149887085,0.16756199300289154
571,data/test/seborrheic_keratosis/ISIC_0014392.jpg,0.29815661907196045,0.07400218397378922
572,data/test/seborrheic_keratosis/ISIC_0014409.jpg,0.1428690105676651,0.1003461554646492
573,data/test/seborrheic_keratosis/ISIC_0014419.jpg,0.16999179124832153,0.12529413402080536
574,data/test/seborrheic_keratosis/ISIC_0014457.jpg,0.1609775722026825,0.11143549531698227
575,data/test/seborrheic_keratosis/ISIC_0014474.jpg,0.17540425062179565,0.21930328011512756
576,data/test/seborrheic_keratosis/ISIC_0014500.jpg,0.1420827955007553,0.06867769360542297
577,data/test/seborrheic_keratosis/ISIC_0014503.jpg,0.09771087765693665,0.2529807388782501
578,data/test/seborrheic_keratosis/ISIC_0014567.jpg,0.1772078275680542,0.09178265929222107
579,data/test/seborrheic_keratosis/ISIC_0014574.jpg,0.11092574149370193,0.07237448543310165
580,data/test/seborrheic_keratosis/ISIC_0014575.jpg,0.11149216443300247,0.0746207982301712
581,data/test/seborrheic_keratosis/ISIC_0014586.jpg,0.41326919198036194,0.06178611144423485
582,data/test/seborrheic_keratosis/ISIC_0014587.jpg,0.280051052570343,0.16621096432209015
583,data/test/seborrheic_keratosis/ISIC_0014588.jpg,0.23521287739276886,0.2095944583415985
584,data/test/seborrheic_keratosis/ISIC_0014590.jpg,0.18952427804470062,0.09657943248748779
585,data/test/seborrheic_keratosis/ISIC_0014600.jpg,0.24876336753368378,0.149127796292305
586,data/test/seborrheic_keratosis/ISIC_0014619.jpg,0.17667847871780396,0.10823310166597366
587,data/test/seborrheic_keratosis/ISIC_0014626.jpg,0.14630210399627686,0.10972632467746735
588,data/test/seborrheic_keratosis/ISIC_0014627.jpg,0.1545867621898651,0.11593465507030487
589,data/test/seborrheic_keratosis/ISIC_0014629.jpg,0.15827146172523499,0.1686239242553711
590,data/test/seborrheic_keratosis/ISIC_0014631.jpg,0.15848927199840546,0.11931160092353821
591,data/test/seborrheic_keratosis/ISIC_0014634.jpg,0.16543403267860413,0.277998149394989
592,data/test/seborrheic_keratosis/ISIC_0014643.jpg,0.1360693722963333,0.08696360141038895
593,data/test/seborrheic_keratosis/ISIC_0014644.jpg,0.24553632736206055,0.1856163889169693
594,data/test/seborrheic_keratosis/ISIC_0014645.jpg,0.2175089716911316,0.16935597360134125
595,data/test/seborrheic_keratosis/ISIC_0014647.jpg,0.323513925075531,0.07209485024213791
596,data/test/seborrheic_keratosis/ISIC_0014648.jpg,0.197387233376503,0.14195193350315094
597,data/test/seborrheic_keratosis/ISIC_0014649.jpg,0.16335147619247437,0.1375933736562729
598,data/test/seborrheic_keratosis/ISIC_0014652.jpg,0.2265467792749405,0.18684208393096924
599,data/test/seborrheic_keratosis/ISIC_0014653.jpg,0.19061028957366943,0.12107404321432114
